arm,seed,note,asked,images_opened,unknown_objects,unknown_proposals,proposals_per_object,unknown_classes,head_objects,medium_objects,tail_objects,head_proposals,medium_proposals,tail_proposals,head_classes,medium_classes,tail_classes,tail_share_objects,tail_objects_per_region,tail_objects_per_image,selected_background,selected_known,selected_unknown
A(x) [CONTROL],0,,600,548,155,160,1.0323,22,86,22,47,88,24,48,8,5,9,0.3032,0.078333,0.085766,316,124,160
A(x) + NMS iou=0.3,0,kept 46863,600,600,168,168,1.0,22,93,22,53,93,22,53,8,5,9,0.3155,0.088333,0.088333,342,90,168
A(x) + NMS iou=0.5,0,kept 59553,600,600,168,168,1.0,22,93,22,53,93,22,53,8,5,9,0.3155,0.088333,0.088333,342,90,168
A(x) + NMS iou=0.6,0,kept 63997,600,600,168,168,1.0,22,93,22,53,93,22,53,8,5,9,0.3155,0.088333,0.088333,342,90,168
A(x) + NMS iou=0.7,0,kept 68561,600,600,168,168,1.0,22,93,22,53,93,22,53,8,5,9,0.3155,0.088333,0.088333,342,90,168
A(x) + NMS iou=0.9,0,kept 77891,600,580,163,165,1.0123,22,91,22,50,92,22,51,8,5,9,0.3067,0.083333,0.086207,331,104,165
A(x)+NMS - drop 10% known-like [prototype],0,,600,600,168,168,1.0,23,92,22,54,92,22,54,8,5,10,0.3214,0.09,0.09,349,83,168
A(x)+NMS - drop 20% known-like [prototype],0,,600,600,169,169,1.0,24,94,21,54,94,21,54,9,5,10,0.3195,0.09,0.09,345,86,169
A(x)+NMS - drop 25% known-like [prototype],0,,600,600,171,171,1.0,23,94,20,57,94,20,57,9,5,9,0.3333,0.095,0.095,343,86,171
A(x)+NMS - drop 30% known-like [prototype],0,,600,600,163,163,1.0,25,94,18,51,94,18,51,10,5,10,0.3129,0.085,0.085,347,90,163
A(x)+NMS - drop 40% known-like [prototype],0,,600,600,153,153,1.0,21,84,18,51,84,18,51,8,4,9,0.3333,0.085,0.085,363,84,153
A(x)+NMS - drop 50% known-like [prototype],0,,600,580,142,143,1.007,21,85,15,42,85,15,43,10,4,7,0.2958,0.07,0.072414,360,97,143
A(x)+NMS - drop 10% known-like [posterior],0,,600,600,168,168,1.0,22,93,22,53,93,22,53,8,5,9,0.3155,0.088333,0.088333,350,82,168
A(x)+NMS - drop 20% known-like [posterior],0,,600,600,169,169,1.0,23,93,22,54,93,22,54,8,5,10,0.3195,0.09,0.09,349,82,169
A(x)+NMS - drop 25% known-like [posterior],0,,600,600,166,166,1.0,23,91,23,52,91,23,52,8,5,10,0.3133,0.086667,0.086667,352,82,166
A(x)+NMS - drop 30% known-like [posterior],0,,600,600,163,163,1.0,24,88,22,53,88,22,53,9,5,10,0.3252,0.088333,0.088333,354,83,163
A(x)+NMS - drop 40% known-like [posterior],0,,600,600,155,155,1.0,19,89,18,48,89,18,48,7,4,8,0.3097,0.08,0.08,374,71,155
A(x)+NMS - drop 50% known-like [posterior],0,,600,599,147,147,1.0,19,87,14,46,87,14,46,7,4,8,0.3129,0.076667,0.076795,385,68,147
A(x)+NMS - drop 10% known-like [prototype],1,,600,600,168,168,1.0,23,92,22,54,92,22,54,8,5,10,0.3214,0.09,0.09,348,84,168
A(x)+NMS - drop 20% known-like [prototype],1,,600,600,170,170,1.0,24,94,22,54,94,22,54,9,5,10,0.3176,0.09,0.09,346,84,170
A(x)+NMS - drop 25% known-like [prototype],1,,600,600,173,173,1.0,24,95,22,56,95,22,56,9,5,10,0.3237,0.093333,0.093333,342,85,173
A(x)+NMS - drop 30% known-like [prototype],1,,600,600,165,165,1.0,25,96,18,51,96,18,51,10,5,10,0.3091,0.085,0.085,349,86,165
A(x)+NMS - drop 40% known-like [prototype],1,,600,600,155,155,1.0,21,91,16,48,91,16,48,8,4,9,0.3097,0.08,0.08,365,80,155
A(x)+NMS - drop 50% known-like [prototype],1,,600,592,159,159,1.0,19,92,15,52,92,15,52,8,4,7,0.327,0.086667,0.087838,373,68,159
A(x)+NMS - drop 10% known-like [posterior],1,,600,600,168,168,1.0,22,93,22,53,93,22,53,8,5,9,0.3155,0.088333,0.088333,350,82,168
A(x)+NMS - drop 20% known-like [posterior],1,,600,600,169,169,1.0,23,93,22,54,93,22,54,8,5,10,0.3195,0.09,0.09,349,82,169
A(x)+NMS - drop 25% known-like [posterior],1,,600,600,166,166,1.0,23,91,23,52,91,23,52,8,5,10,0.3133,0.086667,0.086667,352,82,166
A(x)+NMS - drop 30% known-like [posterior],1,,600,600,163,163,1.0,24,88,22,53,88,22,53,9,5,10,0.3252,0.088333,0.088333,354,83,163
A(x)+NMS - drop 40% known-like [posterior],1,,600,600,155,155,1.0,19,89,18,48,89,18,48,7,4,8,0.3097,0.08,0.08,374,71,155
A(x)+NMS - drop 50% known-like [posterior],1,,600,599,147,147,1.0,19,87,14,46,87,14,46,7,4,8,0.3129,0.076667,0.076795,385,68,147
A(x)+NMS - drop 10% known-like [prototype],2,,600,600,168,168,1.0,23,92,22,54,92,22,54,8,5,10,0.3214,0.09,0.09,349,83,168
A(x)+NMS - drop 20% known-like [prototype],2,,600,600,169,169,1.0,24,94,21,54,94,21,54,9,5,10,0.3195,0.09,0.09,346,85,169
A(x)+NMS - drop 25% known-like [prototype],2,,600,600,170,170,1.0,24,93,22,55,93,22,55,9,5,10,0.3235,0.091667,0.091667,344,86,170
A(x)+NMS - drop 30% known-like [prototype],2,,600,600,165,165,1.0,24,94,19,52,94,19,52,10,5,9,0.3152,0.086667,0.086667,346,89,165
A(x)+NMS - drop 40% known-like [prototype],2,,600,600,155,155,1.0,22,91,15,49,91,15,49,9,4,9,0.3161,0.081667,0.081667,359,86,155
A(x)+NMS - drop 50% known-like [prototype],2,,600,590,151,151,1.0,20,88,15,48,88,15,48,9,4,7,0.3179,0.08,0.081356,368,81,151
A(x)+NMS - drop 10% known-like [posterior],2,,600,600,168,168,1.0,22,93,22,53,93,22,53,8,5,9,0.3155,0.088333,0.088333,350,82,168
A(x)+NMS - drop 20% known-like [posterior],2,,600,600,169,169,1.0,23,93,22,54,93,22,54,8,5,10,0.3195,0.09,0.09,349,82,169
A(x)+NMS - drop 25% known-like [posterior],2,,600,600,166,166,1.0,23,91,23,52,91,23,52,8,5,10,0.3133,0.086667,0.086667,352,82,166
A(x)+NMS - drop 30% known-like [posterior],2,,600,600,163,163,1.0,24,88,22,53,88,22,53,9,5,10,0.3252,0.088333,0.088333,354,83,163
A(x)+NMS - drop 40% known-like [posterior],2,,600,600,155,155,1.0,19,89,18,48,89,18,48,7,4,8,0.3097,0.08,0.08,374,71,155
A(x)+NMS - drop 50% known-like [posterior],2,,600,599,147,147,1.0,19,87,14,46,87,14,46,7,4,8,0.3129,0.076667,0.076795,385,68,147
cluster ALLOCATION K=120,0,,600,458,51,56,1.098,21,17,10,24,18,12,26,5,5,11,0.4706,0.04,0.052402,399,145,56
cluster CAP 2/cluster K=120,0,,240,211,19,19,1.0,13,8,3,8,8,3,8,4,3,6,0.4211,0.033333,0.037915,157,64,19
cluster CAP 4/cluster K=120,0,,480,381,40,43,1.075,19,13,8,19,14,9,20,5,4,10,0.475,0.039583,0.049869,319,118,43
cluster CAP 8/cluster K=120,0,,600,444,68,76,1.1176,24,24,11,33,27,13,36,7,5,12,0.4853,0.055,0.074324,338,186,76
cluster ALLOCATION K=300,0,,600,475,62,64,1.0323,22,24,12,26,25,13,26,5,6,11,0.4194,0.043333,0.054737,412,124,64
cluster CAP 2/cluster K=300,0,,600,475,62,64,1.0323,22,24,12,26,25,13,26,5,6,11,0.4194,0.043333,0.054737,412,124,64
cluster CAP 4/cluster K=300,0,,600,447,89,96,1.0787,25,28,17,44,30,18,48,8,6,11,0.4944,0.073333,0.098434,323,181,96
cluster CAP 8/cluster K=300,0,,600,440,98,111,1.1327,24,37,15,46,42,17,52,9,5,10,0.4694,0.076667,0.104545,258,231,111
cluster ALLOCATION K=120,1,,600,467,54,58,1.0741,22,21,5,28,21,6,31,7,4,11,0.5185,0.046667,0.059957,403,139,58
cluster CAP 2/cluster K=120,1,,240,212,23,24,1.0435,12,10,3,10,10,3,11,3,2,7,0.4348,0.041667,0.04717,159,57,24
cluster CAP 4/cluster K=120,1,,480,384,45,49,1.0889,21,18,5,22,18,6,25,7,4,10,0.4889,0.045833,0.057292,318,113,49
cluster CAP 8/cluster K=120,1,,600,429,77,85,1.1039,24,32,9,36,34,10,41,7,6,11,0.4675,0.06,0.083916,340,175,85
cluster ALLOCATION K=300,1,,600,462,58,61,1.0517,26,21,10,27,22,10,29,9,6,11,0.4655,0.045,0.058442,400,139,61
cluster CAP 2/cluster K=300,1,,600,462,58,61,1.0517,26,21,10,27,22,10,29,9,6,11,0.4655,0.045,0.058442,400,139,61
cluster CAP 4/cluster K=300,1,,600,432,83,93,1.1205,25,31,9,43,33,9,51,8,4,13,0.5181,0.071667,0.099537,328,179,93
cluster CAP 8/cluster K=300,1,,600,443,101,119,1.1782,27,33,15,53,38,18,63,8,6,13,0.5248,0.088333,0.119639,259,222,119
cluster ALLOCATION K=120,2,,600,481,50,51,1.02,23,21,7,22,21,7,23,9,4,10,0.44,0.036667,0.045738,405,144,51
cluster CAP 2/cluster K=120,2,,240,212,23,23,1.0,13,11,2,10,11,2,10,6,2,5,0.4348,0.041667,0.04717,156,61,23
cluster CAP 4/cluster K=120,2,,480,401,44,44,1.0,22,18,6,20,18,6,20,8,4,10,0.4545,0.041667,0.049875,323,113,44
cluster CAP 8/cluster K=120,2,,600,461,69,73,1.058,22,26,8,35,27,9,37,7,4,11,0.5072,0.058333,0.075922,341,186,73
cluster ALLOCATION K=300,2,,600,469,44,44,1.0,24,20,6,18,20,6,18,10,3,11,0.4091,0.03,0.03838,424,132,44
cluster CAP 2/cluster K=300,2,,600,469,44,44,1.0,24,20,6,18,20,6,18,10,3,11,0.4091,0.03,0.03838,424,132,44
cluster CAP 4/cluster K=300,2,,600,447,67,73,1.0896,20,23,8,36,25,10,38,6,4,10,0.5373,0.06,0.080537,347,180,73
cluster CAP 8/cluster K=300,2,,600,441,80,89,1.1125,20,23,11,46,25,14,50,5,4,11,0.575,0.076667,0.104308,282,229,89
